{
  "@pnp/generator-spfx": {
    "framework": "none",
    "pnpFramework": "vuejs",
    "pnp-libraries": [
      "jquery@3",
      "@pnp/pnpjs",
      "@pnp/spfx-property-controls"
    ],
    "pnp-ci": [],
    "pnp-vetting": [],
    "spfxenv": "spo"
  },
  "@microsoft/generator-sharepoint": {
    "environment": "spo",
    "framework": "none",
    "isCreatingSolution": true,
    "version": "1.7.1",
    "libraryName": "bb-ulm",
    "libraryId": "610aa5b2-1db0-40d4-9ea3-c5b88666ad08",
    "packageManager": "npm",
    "componentType": "webpart"
  }
}