{"id":"029ca371-effb-4340-8c7f-f722310fb05b","alias":"BbUlmPlayerWebPart","componentType":"WebPart","version":"0.0.1","manifestVersion":2,"supportsFullBleed":true,"requiresCustomScript":false,"preconfiguredEntries":[{"groupId":"5c03119e-3074-46fd-976b-c60198311f70","group":{"default":"Other"},"title":{"default":"BBUlmPlayer"},"description":{"default":"BBUlmPlayer description"},"officeFabricIconFontName":"Page","properties":{"description":"BBUlmPlayer"}}],"loaderConfig":{"entryModuleId":"bb-ulm-player-web-part","internalModuleBaseUrls":["<!-- PATH TO CDN -->/"],"scriptResources":{"bb-ulm-player-web-part":{"type":"path","path":"bb-ulm-player-web-part_6e4554569bb04b1cb3f935a53c54b20c.js"},"vue":{"type":"path","path":"vue_47220dbcb227dd1b39a1013bafc03a1c.js"},"BbUlmPlayerWebPartStrings":{"defaultPath":"bbulm-bbulmplayerwebpartstrings_en-us_536e65149b0acf4d52c0043073b9fc59.js","type":"localizedPath","paths":{}},"@microsoft/sp-core-library":{"type":"component","version":"1.7.1","id":"7263c7d0-1d6a-45ec-8d85-d4d1d234171b"},"@microsoft/sp-webpart-base":{"type":"component","version":"1.7.1","id":"974a7777-0990-4136-8fa6-95d80114c2e0"}}}}